Desc,Image
Ожина фасована,https://images.silpo.ua/products/300x300/webp/81ed2fc9-7f89-4289-a23f-c7028350790d.png
Фісташки Almond в лушпинні смажені,https://images.silpo.ua/products/300x300/webp/ea55fb78-89ca-4a60-b386-91cfe04dcb4e.png
Огірок екстра,https://images.silpo.ua/products/300x300/webp/d8776b28-ffe7-4cb3-ad7d-de37532eea57.png
Томат Azura Черрі сливка,https://images.silpo.ua/products/300x300/webp/a6e028d2-2523-408d-96c5-245b29f3344e.png
Томат черрі,https://images.silpo.ua/products/300x300/webp/742a8cb1-e834-4b4b-9964-2f76738e0508.png
Абрикос,https://images.silpo.ua/products/300x300/webp/b3c89c9b-b626-4dcb-9a6c-1c77f8e28cd4.png
Томат,https://images.silpo.ua/products/300x300/webp/3bd77c16-b486-4815-bc83-762c21cb050e.png
Салат Зелена Країна Бебі мікс листовий,https://images.silpo.ua/products/300x300/webp/6d4e4778-b589-48d9-b2b6-c6b83fbc46e6.png
Баклажан,https://images.silpo.ua/products/300x300/webp/d17c1e4b-8a69-4ca5-982b-20080d52d337.png
Диня П'єла де Сапо,https://images.silpo.ua/products/300x300/webp/b129c31e-76c6-4423-afbe-e6d9c03fd2d3.png
Виноград рожевий без кісточки,https://images.silpo.ua/products/300x300/webp/5b28e363-ae1b-4552-bc27-a8cf027ce0a4.png
Кавун Італія,https://images.silpo.ua/products/300x300/webp/1063f1b4-f87e-4027-b3ea-ec72a9e5f82e.png
Фісташки смажені солоні,https://images.silpo.ua/products/300x300/webp/9e4b06dc-ac5f-46b2-9755-88aa8a65fddf.png
Персик український,https://images.silpo.ua/products/300x300/webp/43355762-9a3f-45bb-94dc-167251629049.png
Виноград чорний,https://images.silpo.ua/products/300x300/webp/edb06abb-75c7-49de-8d03-bee1c99a3c7d.png
Кеш'ю смажене солоне,https://images.silpo.ua/products/300x300/webp/0b22d8e6-5ca8-4b32-bb53-4d1f61af2bc2.png
Перець жовтий,https://images.silpo.ua/products/300x300/webp/2b106596-686b-46a1-b968-d8e30877bd19.png
Томат Томімару Мучо,https://images.silpo.ua/products/300x300/webp/0caf2663-8dc2-42aa-b176-04abc084af41.png
Гриби шампіньйони «Зелена Країна» свіжі,https://images.silpo.ua/products/300x300/webp/6640583f-9158-44d4-acb8-c9377350e8d5.png
Груша «Конференція»,https://images.silpo.ua/products/300x300/webp/073a6e6b-e95b-4f63-a56b-8af61e9b2a7d.png
Ківі,https://images.silpo.ua/products/300x300/webp/94715b5a-996c-44f3-938b-102da2d9f732.png
Селера стебло,https://images.silpo.ua/products/300x300/webp/a0f157c1-3c59-4ae5-a518-112e06b933ad.png
Томат коктейльний рожевий,https://images.silpo.ua/products/300x300/webp/d172e40d-6a8d-4fe2-a206-3f0fcfb9722f.png
Часник молодий Особливий,https://images.silpo.ua/products/300x300/webp/33de18dc-6f59-4441-9ab9-fb71dc16baaa.png
Насіння соняшнику «Повна Чаша»® ядро,https://images.silpo.ua/products/300x300/webp/486d34d9-1b89-4c77-b59b-bdf09ccdf7f5.png
Картопля Гранада для смаження,https://images.silpo.ua/products/300x300/webp/01ed5caa-b890-4e7f-b17d-24b455f26e75.png
Арахіс смажений солоний,https://images.silpo.ua/products/300x300/webp/f7701872-4182-4842-8079-9256d1294e72.png
Яблуко раннє,https://images.silpo.ua/products/300x300/webp/9b3cfd2d-a005-444e-bab8-f1b2dab83ef0.png
Фундук Flarino смажений,https://images.silpo.ua/products/300x300/webp/3b7018a5-6ddb-4a50-8e1a-0e0e6c5b44cf.png
Томат Green Agro Екзотик чорний,https://images.silpo.ua/products/300x300/webp/087a6aa6-a50c-45b0-b5eb-b0083e9bf6dd.png
Гриби Freshmore шимеджі коричневі,https://images.silpo.ua/products/300x300/webp/562b6527-ec18-49f9-bbaf-c1c908948dc1.png
Петрушка Зелена Країна пучок,https://images.silpo.ua/products/300x300/webp/02cba78e-3fa7-4e99-8b1a-87da93dde457.png
Полуниця,https://images.silpo.ua/products/300x300/webp/c42dcdf8-6e10-4630-abbb-18c2e1255849.png
Томат рожевий,https://images.silpo.ua/products/300x300/webp/e3f4e45d-876d-47c4-bbcc-fd5a0645cd4b.png
Аґрус фасований,https://images.silpo.ua/products/300x300/webp/396ed863-d05b-4462-a436-d23797f8d7cd.png
Кінза Зелена Країна пучок,https://images.silpo.ua/products/300x300/webp/4556198c-a058-440f-ae95-a2660c94c1e0.png
Смородина чорна,https://images.silpo.ua/products/300x300/webp/d4e041aa-142e-477e-bdc3-c2b80e6da93a.png
Хумус Hungry Papa гострий,https://images.silpo.ua/products/300x300/webp/d94a52f6-9f1a-43a5-8f8e-d9baff795cfd.png
Насіння льону,https://images.silpo.ua/products/300x300/webp/410e63ab-ee9c-4413-8d7b-e02d9eb286b1.png
Гриби печериці «ДінБо» «Вечеря за 3 хвилини»,https://images.silpo.ua/products/300x300/webp/b303a2eb-2765-414b-b68b-a4539484f9fd.png
Слива Чорна відбірна,https://images.silpo.ua/products/300x300/webp/ae90d398-2694-453a-91eb-e71742e9984b.png
Хумус Hungry Papa з тхіною,https://images.silpo.ua/products/300x300/webp/b2d3ea6c-3f7e-4a0c-942e-0e78545bcab7.png
Гриби ерінги Esthetic foods свіжі,https://images.silpo.ua/products/300x300/webp/a5c0e654-7c05-459e-92d3-f59a4f71e15f.png
Щавель Зелена Країна пучок,https://images.silpo.ua/products/300x300/webp/40e4b1bc-6254-4d6a-8903-b48894dcae3d.png
Редька Дайкон,https://images.silpo.ua/products/300x300/webp/ceccd4b8-6694-4194-9b9a-4970ffebbf55.png
Фундук смажений,https://images.silpo.ua/products/300x300/webp/1577b7d2-2221-4ed7-b04a-5a907a5df703.png
Бабагануш Hungry Papa,https://images.silpo.ua/products/300x300/webp/63623d0a-2488-41de-aef0-253b8b0b636e.png
Хумус Hungry Papa з заатаром,https://images.silpo.ua/products/300x300/webp/b0d56e6f-ab7d-4c24-a3d6-9eb3f3a4cbcf.png
Тамаринд,https://images.silpo.ua/products/300x300/webp/7e19459d-f42a-47ed-8b3d-3bf5c426202f.png
Насіння соняшнику сушене,https://images.silpo.ua/products/300x300/webp/2d06723a-395c-4f2f-a413-c672f240ac69.png
Горіх бразильський,https://images.silpo.ua/products/300x300/webp/cceef979-87b7-479e-ad96-0da6b33fbe83.png
Курага сушена,https://images.silpo.ua/products/300x300/webp/3733d5e9-5ad5-49ec-865a-afdbfef411fb.png
Кеш'ю «Премія»®,https://images.silpo.ua/products/300x300/webp/50985cfa-a3e9-4804-b68e-7a56879b02cd.png
Фісташки «Премія»® смажені солоні,https://images.silpo.ua/products/300x300/webp/b068ccb3-ad75-4b8b-a710-8a1799bc1f86.png
Чіпси яблучні «Премія»® солодкі,https://images.silpo.ua/products/300x300/webp/49955ed9-0157-45bf-aba1-eaefbd602e03.png
Фундук «Премія»®,https://images.silpo.ua/products/300x300/webp/747032fb-762a-455a-b422-0925bdcd1f02.png
Тарталетка з червоною рибою,https://images.silpo.ua/products/300x300/webp/80b07b1a-17a0-4bbc-b489-27dfd839e867.png
Сет салат та кунжут,https://images.silpo.ua/products/300x300/webp/124e0c3f-8459-40b7-86f9-a61141941d0d.png
Паста з тунцем і помідорами,https://images.silpo.ua/products/300x300/webp/73979d04-a12a-433c-be0d-b6915470304d.png
Полуниця з вершками,https://images.silpo.ua/products/300x300/webp/1c112705-c4e2-4f2a-a474-35c1e59ac889.png
Банан,https://images.silpo.ua/products/300x300/webp/f5214071-6d83-4de8-b655-b977809cf880.png
Картопля молода,https://images.silpo.ua/products/300x300/webp/300cc24a-f677-4d82-a6be-f678053d9014.png
Морква молода,https://images.silpo.ua/products/300x300/webp/bc092ef5-89f5-45ef-bc36-890b1ea64009.png
Цибуля ріпчаста рання,https://images.silpo.ua/products/300x300/webp/ac4f3b07-93fd-4c99-ae98-5c3accc22b58.png
Лимон,https://images.silpo.ua/products/300x300/webp/b539744c-f560-401b-92f8-30c70a04960a.png
Капуста рання,https://images.silpo.ua/products/300x300/webp/6b6df88b-9b53-49f3-9a79-9f20c675b85c.png
Перець червоний,https://images.silpo.ua/products/300x300/webp/dd451510-588d-4bf1-afa7-c9b5b2eeeb4b.png
Огірок український,https://images.silpo.ua/products/300x300/webp/5253bb9e-c4d1-440a-984d-6c1c3861ebaa.png
Нектарин,https://images.silpo.ua/products/300x300/webp/aca740ae-ebc3-4ee6-bba2-dffd0f944c20.png
Персик,https://images.silpo.ua/products/300x300/webp/bc5e7ca7-e10e-4b5d-8f46-280e5f6a005a.png
Авокадо Хасс стиглий,https://images.silpo.ua/products/300x300/webp/0e65c623-30ea-459e-a130-ed3321e9aa2a.png
Огірок Естафета,https://images.silpo.ua/products/300x300/webp/bffd86cf-05f5-46fc-937d-632128b62e11.png
Томат жовтий,https://images.silpo.ua/products/300x300/webp/9a8ecdd7-ea7b-49bb-8e34-0bac656155df.png
Огірок,https://images.silpo.ua/products/300x300/webp/35c64ef6-236a-40cb-b8f7-cbdb9aeac051.png
Томат Есміра рожевий,https://images.silpo.ua/products/300x300/webp/617db3cb-b084-4a7a-90b7-99ee36522811.png
Лайм,https://images.silpo.ua/products/300x300/webp/5db827c7-4800-48da-aad7-9f7e89b41825.png
Персик інжирний,https://images.silpo.ua/products/300x300/webp/82c97450-d4bb-49fb-baf2-8b87e3cba835.png
Апельсин єгипетський,https://images.silpo.ua/products/300x300/webp/1c61cd38-1cbc-4b75-92c2-0158d44bcb1f.png
Авокадо Ready to eat,https://images.silpo.ua/products/300x300/webp/05a64a4c-6c11-41f1-877f-1a043ea365d2.png
Цибуля Марс,https://images.silpo.ua/products/300x300/webp/027cdefe-2440-4ad4-9847-8cd4c28be787.png
Часник,https://images.silpo.ua/products/300x300/webp/0af8f978-912d-4cef-9f09-216d3aa7cfac.png
Лохина,https://images.silpo.ua/products/300x300/webp/cf708ca5-bbb3-4f2a-9d42-85d8d5473fc5.png
Мікс зелені Зелена Країна Кріп та петрушка,https://images.silpo.ua/products/300x300/webp/8e1323f4-2fd6-4b63-b8a3-c121ae79bc40.png
Буряк молодий,https://images.silpo.ua/products/300x300/webp/d8aea955-d72a-47db-b254-b32b006aa91b.png
Яблуко Голден,https://images.silpo.ua/products/300x300/webp/b0a733ef-4856-4f7c-9204-e46e976b1965.png
Картопля біла рання мита,https://images.silpo.ua/products/300x300/webp/c0259b75-835a-477a-b8be-6f2287935978.png
Салат листовий Зелена Країна свіжий мікс з руколою митий,https://images.silpo.ua/products/300x300/webp/cb31d019-df86-43b1-9bb0-18a969559c98.png
Гриби печериці,https://images.silpo.ua/products/300x300/webp/6d1084b7-15d1-49be-b09d-0833bedc65b9.png
Цукіні,https://images.silpo.ua/products/300x300/webp/024a6e55-81a4-420b-a509-010cbc7e561b.png
Яблуко Гала,https://images.silpo.ua/products/300x300/webp/639275df-33be-4b93-aa77-07847480ff16.png
Томат Розалія,https://images.silpo.ua/products/300x300/webp/04550eab-3bd6-45cb-b7fb-4628cfc1e5aa.png
Картопля Беллароса,https://images.silpo.ua/products/300x300/webp/092c017c-2f5b-4713-91bf-92aaf0857f8f.png
Перець помаранчевий,https://images.silpo.ua/products/300x300/webp/a7fa4d8c-a2a9-47bc-b295-5ccd10b6dbb9.png
Кріп Зелена Країна пучок,https://images.silpo.ua/products/300x300/webp/1e6793f6-0f0a-42dd-9a1a-5f07135d1df0.png
Рукола Зелена Країна свіжа мита,https://images.silpo.ua/products/300x300/webp/2be016bb-878e-4d57-8b53-3d232ca73718.png
Шпинат Зелена Країна свіжий митий,https://images.silpo.ua/products/300x300/webp/daec3d6f-b05b-4299-bd4d-95160cbff482.png
Цибуля Зелена Країна зелена пучок,https://images.silpo.ua/products/300x300/webp/e7bf2ba9-bfe2-4374-8183-6e9950fd8312.png
Капуста броколі,https://images.silpo.ua/products/300x300/webp/67e7f488-11b5-4763-ab0d-b2fe2fb82492.png
Виноград білий без кісточки,https://images.silpo.ua/products/300x300/webp/f6ea2e3d-5877-4ea5-bf49-3cfa7998ec85.png
Яблуко Айдаред,https://images.silpo.ua/products/300x300/webp/0e87ef5c-600b-4515-afa2-55d8f13e869e.png
Гриби шампіньйони «Зелена Країна» свіжі,https://images.silpo.ua/products/300x300/webp/94fc2834-a31a-4b42-85fc-833ece20e517.png
Томат Azura Черрі круглий,https://images.silpo.ua/products/300x300/webp/32cece94-4f42-4004-93cd-0d280ad62fcb.png
Лохина,https://images.silpo.ua/products/300x300/webp/b8b802a3-e3ab-4d65-9611-d46b5b148c4c.png
Батат,https://images.silpo.ua/products/300x300/webp/2b45e359-dde6-4719-b6fa-4f58ba0807d4.png
Апельсин Іспанія,https://images.silpo.ua/products/300x300/webp/7774efde-6f1a-4ea6-821f-1ecb3b4d34fb.png
Кавун,https://images.silpo.ua/products/300x300/webp/161255bd-9758-4e17-9db6-2c44e77d17fc.png
Томат український,https://images.silpo.ua/products/300x300/webp/ca34b538-c335-456f-9992-38c9e8958870.png
Перець Білозірка,https://images.silpo.ua/products/300x300/webp/7d3ac706-a918-4fba-a218-f98c63ca428c.png
Кріп ваговий,https://images.silpo.ua/products/300x300/webp/f8ae59a1-fb9c-4e92-ab3f-3918f8636fbb.png
М'ята Зелена Країна,https://images.silpo.ua/products/300x300/webp/4d109450-80c3-45cc-a10f-7a6f62acd697.png
Манго,https://images.silpo.ua/products/300x300/webp/3ddc2eb0-5a0e-4e31-93a5-3ffb8baac355.png
Лохина,https://images.silpo.ua/products/300x300/webp/271de171-7a75-4a53-baf9-a389aac08271.png
Петрушка вагова,https://images.silpo.ua/products/300x300/webp/b63f243e-57dd-44fc-a63d-9896014a2824.png
Яблуко Симиренка,https://images.silpo.ua/products/300x300/webp/2868b743-ff68-4267-bf96-63604492cc19.png
Томат Azura Черрі мікс,https://images.silpo.ua/products/300x300/webp/341cc1b7-3052-4192-ba1c-9548b444b075.png
Кеш'ю смажений,https://images.silpo.ua/products/300x300/webp/53ae5c9b-e5f0-44ec-8b7f-6889686de14d.png
Кавун Вогник,https://images.silpo.ua/products/300x300/webp/d105e208-2581-467f-a5ea-d9f8fffa2e29.png
Салат Зелена Країна рукола та шпинат свіжі миті,https://images.silpo.ua/products/300x300/webp/354b8dfe-12e0-415c-83c1-80407a255a2d.png
Томат «Коктейльний» на гілці,https://images.silpo.ua/products/300x300/webp/fb1576ea-00bd-4c11-a9e5-e3763a967af9.png
Томат на гілці рожевий,https://images.silpo.ua/products/300x300/webp/6ac3c2ab-f6cb-4aa1-8b6f-9e189fd8b081.png
Салат Айсберг,https://images.silpo.ua/products/300x300/webp/8b9886a3-6517-4062-a75f-b751a963be00.png
Абрикос Ананасний,https://images.silpo.ua/products/300x300/webp/aa0d6429-8416-43b5-9960-9c7d9459cb7e.png
Цибуля Kalynivka Premium відбірна жовта,https://images.silpo.ua/products/300x300/webp/cf68f28c-b1a9-431c-8c1b-b6954e7c28f5.png
Салат Зелена Країна Мікс з руколою листовий,https://images.silpo.ua/products/300x300/webp/89ca116f-2520-4890-ad57-b5814fcf8e8e.png
Салат листовий Зелена Країна свіжий мікс зі шпинатом митий,https://images.silpo.ua/products/300x300/webp/f0e1e113-f6ff-4f79-8848-37ffdc3613f1.png
Томат Чері Український,https://images.silpo.ua/products/300x300/webp/8a5758b2-f4b6-4046-9c0b-af3cbf95ae6e.png
Закуска YoFi! Hummus класичний з нуту,https://images.silpo.ua/products/300x300/webp/5dc4aff1-6b02-4bc3-a481-73721482bcd4.png
Кукурудза цукрова «Брати кукурудзи» готова в/у,https://images.silpo.ua/products/300x300/webp/421cdb14-4cbd-4870-8457-a87b489b20bc.png
Томат Adora,https://images.silpo.ua/products/300x300/webp/02f64a37-9d44-4d00-acfc-d011adb6ce3a.png
Ожина,https://images.silpo.ua/products/300x300/webp/cc4f559c-eb77-4597-acdb-bd35e7ebb658.png
Картопля рожева рання мита,https://images.silpo.ua/products/300x300/webp/0bad1939-fbc2-43eb-98de-0ac6f8fa5e15.png
Персик Іспанія,https://images.silpo.ua/products/300x300/webp/5c91b76c-185a-4a09-a10f-4510d40dbeed.png
Буряк «Грінвіль» варений,https://images.silpo.ua/products/300x300/webp/3eb3f55a-4bdd-417c-9254-75e109e54f0c.png
Яблуко Джонаголд,https://images.silpo.ua/products/300x300/webp/27d3814f-0eac-486f-8025-999a84b1dc05.png
Лохина,https://images.silpo.ua/products/300x300/webp/56ae0b0b-5169-400c-b2da-18474efc197c.png
Кавун Іспанія,https://images.silpo.ua/products/300x300/webp/3e9ba60a-de58-4c90-915e-e6a420529068.png
Малина,https://images.silpo.ua/products/300x300/webp/76c41b2a-c90d-40b8-80c7-b975fd9a75e0.png
Абрикос вітчизняний,https://images.silpo.ua/products/300x300/webp/a8e46a1a-532e-4bb7-b860-9f5825b1631d.png
Картопля Тірас,https://images.silpo.ua/products/300x300/webp/58c2fae1-8471-4595-8509-86c416be92b1.png
Салат «Зелена Країна» листовий свіжий,https://images.silpo.ua/products/300x300/webp/2d9c1ac5-71aa-4aae-a4be-91e6e3387a1d.png
Яблуко Муцу,https://images.silpo.ua/products/300x300/webp/2f7116e9-afb4-4c95-a46c-3a105a5e0bd5.png
Абрикос Іспанія,https://images.silpo.ua/products/300x300/webp/0434e01d-d13c-425a-994d-a41d441ab264.png
Салат «Пучок-Свіжачок» рукола маш,https://images.silpo.ua/products/300x300/webp/6527f60e-c805-4dba-9eaa-65d0004d7ba1.png
Салат листовий Зелена Країна свіжий мікс з машем митий,https://images.silpo.ua/products/300x300/webp/98ed822c-1360-4b59-81bd-f3d3c435f1b8.png
Перець міні мікс снековий,https://images.silpo.ua/products/300x300/webp/13148906-f138-4dc5-a407-97e9f08acf07.png
Грейпфрут,https://images.silpo.ua/products/300x300/webp/47fb7589-c5ea-4d1f-90c0-d6e45668739f.png
Томат cливка жовтий,https://images.silpo.ua/products/300x300/webp/68fbcc6e-1c24-403c-8a1f-fd529de2d82b.png
Диня Валенсія,https://images.silpo.ua/products/300x300/webp/61d7edb6-3bdf-42a0-b664-4ae39a92c3d5.png
Імбир,https://images.silpo.ua/products/300x300/webp/b167cc33-1b12-4562-9234-bb00f2fc4170.png
Томат гілка,https://images.silpo.ua/products/300x300/webp/d51987e1-a93b-4d1b-83cd-7628a0d218ed.png
Салат Крафтяр десертний ананас-диня-манго,https://images.silpo.ua/products/300x300/webp/c85e39b5-7424-4a6b-8f1d-19dd0b07486f.png
Закуска YoFi! Hummus з томатами і базиліком з нуту,https://images.silpo.ua/products/300x300/webp/03d6bffa-99de-4b1b-b131-9fe3ddd0af05.png
Баклажан особливий,https://images.silpo.ua/products/300x300/webp/7fe1d8a9-1eba-49f0-ab9a-3acbae148f64.png
Морква The best хрууум «По-корейськи»,https://images.silpo.ua/products/300x300/webp/bd530698-8a95-4c2e-956b-d44410d07e2b.png
"Салат «Крафтяр» овочевий (морква, селера)",https://images.silpo.ua/products/300x300/webp/0502247b-97aa-413f-a3f5-0ddc1b719f1e.png
Суміш горіхів і сухофруктів «Омега-3»,https://images.silpo.ua/products/300x300/webp/5688cb44-9de2-445f-9aa7-a31d08160e27.png
Перець гiркий чилi,https://images.silpo.ua/products/300x300/webp/f92155b2-e92c-4cd0-9376-82c0398f2c91.png
Груша Packham's,https://images.silpo.ua/products/300x300/webp/8eca5801-b979-4466-9bd9-6a5454a9cd9f.png
Гриби лисички,https://images.silpo.ua/products/300x300/webp/d24b0c79-f989-4cfb-b8ec-1e984b08a526.png
Баклажан Графіті вітчизняний,https://images.silpo.ua/products/300x300/webp/ac4ec2c9-5e05-4e25-9175-86d3f28067c5.png
Гриби гливи,https://images.silpo.ua/products/300x300/webp/f6dbcd08-5f36-4163-a044-520de8bbf783.png
Томат на гілці вітчизняний,https://images.silpo.ua/products/300x300/webp/98c32b15-1419-4e5c-bdb2-7bb30f3557f5.png
Гриби шампіньйони-малюки «Зелена Країна» свіжі,https://images.silpo.ua/products/300x300/webp/3af2c0e5-935b-4da8-ae2d-c68e7bbf2a11.png
Суміш насіння Winway «Салатний мікс»,https://images.silpo.ua/products/300x300/webp/feed2607-fee1-47fd-bd4a-ec545ebd3df7.png
Базилік Зелена Країна зелений,https://images.silpo.ua/products/300x300/webp/b4be83f7-35e4-4d8d-b112-2a015935a80f.png
Капуста The best хрууум квашена з морквою,https://images.silpo.ua/products/300x300/webp/241004ad-8b80-492a-8f7b-708fed3a281e.png
Салат Fit&Easy PARTY,https://images.silpo.ua/products/300x300/webp/67b838d9-e5a2-4a16-9ff2-a85c9033516a.png
Манго Еліт,https://images.silpo.ua/products/300x300/webp/8b5fbecc-2751-4fe0-9f10-7a524db478d6.png
Гриби печериці «Королівські»,https://images.silpo.ua/products/300x300/webp/07953d18-3fdf-4dcc-9982-65158337a07c.png
Кінза відбірна,https://images.silpo.ua/products/300x300/webp/bf2cea59-159a-47ae-b891-0d68b58a1275.png
Картопля чищена молода,https://images.silpo.ua/products/300x300/webp/12d5a716-a935-41fd-8e3e-474e371a4bbe.png
Гриби печериці «Перша хвиля» фасовані,https://images.silpo.ua/products/300x300/webp/669e954d-db0d-4fbd-a030-5fc2fab58ab2.png
Яблуко Лігольд,https://images.silpo.ua/products/300x300/webp/8ea648c8-0efc-438c-931d-833cfca7d8ab.png
Салат Айсберг різаний,https://images.silpo.ua/products/300x300/webp/24cece47-15c2-4454-ba4b-a1ba3b77b590.png
Томат чері,https://images.silpo.ua/products/300x300/webp/2d9d54f3-1da3-47d8-a9e3-b3c34777849a.png
Мигдаль «Премія»®,https://images.silpo.ua/products/300x300/webp/e563108e-a305-4a19-8027-b2572ae808ef.png
Порічка червона,https://images.silpo.ua/products/300x300/webp/8c2319c3-5071-4ad9-97e2-75cece2f8f86.png
Перець елітний,https://images.silpo.ua/products/300x300/webp/dcebe930-0d7d-486b-9d87-d6ab35fb3a97.png
Салат «Пучок-свіжачок» свіжий у торфі,https://images.silpo.ua/products/300x300/webp/43fb817c-64bc-425f-b37a-61976675f90c.png
Кунжут «Повна Чаша»®,https://images.silpo.ua/products/300x300/webp/b2317a7a-52b8-4f1d-9453-5350d89d8f07.png
Полуниця,https://images.silpo.ua/products/300x300/webp/c2759474-3a9c-450b-a316-1f1254da4b17.png
Салат Fit&Easy Weekend,https://images.silpo.ua/products/300x300/webp/3960b21f-a6bd-448a-a2f7-dcae65d88518.png
Сік Feels good апельсиновий прямого віджиму,https://images.silpo.ua/products/300x300/webp/fc3b8d37-b2a3-4b9d-a051-d5e1dba5b6cf.png
Манго «Премія»® сушене,https://images.silpo.ua/products/300x300/webp/e73e3b12-0e17-4dba-b1e9-2fb7d4c559b5.png
Томат сливка відбірний,https://images.silpo.ua/products/300x300/webp/c0067f9e-51a1-4eb5-8bc8-426085469550.png
Хумус Hungry Papa класичний,https://images.silpo.ua/products/300x300/webp/940b5e29-2840-4817-8f9b-27195b5fa578.png
Кеш'ю сушене,https://images.silpo.ua/products/300x300/webp/17d02a90-22fc-46ef-ac34-63ce6143c496.png
"Смузі «Крафтяр» з яблучним соком, ананасом, селерою, шпинатом, м'ятою",https://images.silpo.ua/products/300x300/webp/af8ff0f3-b59e-4805-ae3e-531c294d0f27.png
Томат Green Agro Черрі червоний на гілці,https://images.silpo.ua/products/300x300/webp/5ff7b376-f38a-410a-a58e-0b357d75df2b.png
Авокадо 2 Eat Me,https://images.silpo.ua/products/300x300/webp/eff46206-c9cf-4d85-9610-b818750f571f.png
Буряк Грінвіль столовий варений нарізаний соломкою,https://images.silpo.ua/products/300x300/webp/33946f73-bc9f-4d7d-9c28-6b40f4f31d17.png
Капуста цвітна біла Санта Марія,https://images.silpo.ua/products/300x300/webp/347ec218-ef6b-443f-bd48-8c7edbea3d3a.png
Яблуко Гренні Сміт,https://images.silpo.ua/products/300x300/webp/a2415de2-7ff1-4e89-be9b-168ef7819e13.png
Капуста квашена «Грінвіль» з морквою,https://images.silpo.ua/products/300x300/webp/b2aba198-8090-428a-b528-9950773c8939.png
Морква «Грінвіль» по-корейськи,https://images.silpo.ua/products/300x300/webp/f116cae7-e2b8-413f-8141-5b36a1040248.png
Томат Azura Черрі круглий,https://images.silpo.ua/products/300x300/webp/fc892a88-b4e0-4cba-9c48-3a26ba284430.png
Салат «Крафтяр» десертний ананас кільцями,https://images.silpo.ua/products/300x300/webp/5d450524-ab88-4788-94f9-4b68f6665a19.png
Лохина ЕкоВіста,https://images.silpo.ua/products/300x300/webp/3b5b28ed-f2a6-4546-ace7-86fb76c11586.jpeg
"Смузі «Крафтяр» з апельсиновим соком, яблуком, селерою, шпинатом та імбиром",https://images.silpo.ua/products/300x300/webp/87d05363-1103-42f3-a935-5b8393d43b25.png
Гриби Перша хвиля печериці Королівські,https://images.silpo.ua/products/300x300/webp/5e01de9b-1b1f-47b6-9f1c-1acbb1b9f1b5.png
Груша Migo,https://images.silpo.ua/products/300x300/webp/a6933f1c-dc06-4549-b905-c2d3fa7aec5a.png
Томат «Гордій» чорний коктейльний,https://images.silpo.ua/products/300x300/webp/076ed0a6-07b5-43b2-8ff6-f46a19b11d60.png
Виноград білий,https://images.silpo.ua/products/300x300/webp/7c5fd1c7-2641-48a7-a407-aeaac4d7d6e2.png
Чіпси яблучні «Премія»® оригінальні,https://images.silpo.ua/products/300x300/webp/0d093346-8136-4183-8dc7-0ddbc59a72d4.png
Салат лолло-біонда,https://images.silpo.ua/products/300x300/webp/15de9799-cd8b-4c10-8345-136561d281bd.png
"Яблуко Голден, Закарпаття",https://images.silpo.ua/products/300x300/webp/599eacf2-2608-41e4-910c-a3a79ed6850a.png
Салат Galicia Greenery лолло-біонда,https://images.silpo.ua/products/300x300/webp/4ebf9b53-a967-4eab-b82d-61ed7c131ab1.png
Родзинки темні «Премія»®,https://images.silpo.ua/products/300x300/webp/062faa3d-83f8-4ee3-abd0-778c9e5813a9.png
Салат ромен,https://images.silpo.ua/products/300x300/webp/0f495071-5faa-45cf-9e59-5c908e1478a6.png
Банан бебі,https://images.silpo.ua/products/300x300/webp/208fac41-53f8-4823-a6f0-d0627cfc663b.png
Щавель відбірний,https://images.silpo.ua/products/300x300/webp/d6ed12de-7814-47f7-9b76-ace5a03bd710.png
Ананас преміум,https://images.silpo.ua/products/300x300/webp/851df4ce-a157-42c7-94ed-a7bb222d54fa.png
Цукерка Green Chef Salted Caramel,https://images.silpo.ua/products/300x300/webp/3d8eb3ed-584c-4f7a-87de-ae85c76db105.png
Горіх волоський сушений,https://images.silpo.ua/products/300x300/webp/67c8fe50-811c-4dd4-8020-ae34981df67e.png
Банан чипси сушений,https://images.silpo.ua/products/300x300/webp/5a78a21d-cc13-4eb0-abb8-c84ef1157fe6.png
"Фініки, Туніс",https://images.silpo.ua/products/300x300/webp/df67bf64-8d4c-4dde-91d3-89b64a9a5474.png
Салат «Пучок-Свіжачок» листовий ромен в торфі,https://images.silpo.ua/products/300x300/webp/c0107752-a7d4-493a-a61b-4f2d3ad95d1f.png
Родзинки «Повна Чаша»® виноград сушений,https://images.silpo.ua/products/300x300/webp/5bf333c3-729e-4826-a503-6d35edd34193.png
Огірок короткоплідний фасований,https://images.silpo.ua/products/300x300/webp/3f67e213-9504-4139-ac1f-5895bebcb969.png
Смузі Super Smooozie «Лагідна полуничка»,https://images.silpo.ua/products/300x300/webp/99080e89-c1d4-4a73-8277-e2b98ce58f68.png
Томат «Гордій» рожевий коктейльний,https://images.silpo.ua/products/300x300/webp/0d1a9479-b350-4b4e-b96d-836793e3eebe.png
Кінза Зелена Країна,https://images.silpo.ua/products/300x300/webp/532dbfea-e8df-4142-8f8b-5477612b2c09.png
Базилік Зелена Країна червоний,https://images.silpo.ua/products/300x300/webp/aee12824-37c6-4b74-bf91-7e4b65722de3.png
Капуста цвітна зелена Гільверде,https://images.silpo.ua/products/300x300/webp/683b2535-e1e4-40be-9659-ec6976f5bf8c.png
Базилік Localista зелений,https://images.silpo.ua/products/300x300/webp/ac263132-e0ba-4a78-8df6-274e65369fc9.png
Томат Azura Черрі сливка,https://images.silpo.ua/products/300x300/webp/af348477-844f-4914-b6df-54db59026eea.png
Шпинат Зелена Країна пучок,https://images.silpo.ua/products/300x300/webp/8bd81322-4b6f-4bed-8925-658efaf07d8b.png
"Смузі «Крафтяр» з апельсиновим соком, яблуком, морквою, лимоном і селерою",https://images.silpo.ua/products/300x300/webp/4a41d88b-256b-4c35-854a-e162e1604852.png
Салат Galicia Greenery фрізе,https://images.silpo.ua/products/300x300/webp/406b420f-a25b-43aa-b593-d8d7008877ad.png
Гранат,https://images.silpo.ua/products/300x300/webp/8d21e389-2ba2-43d8-9cd7-e3ebf86a7f0d.png
Капуста цвітна жовта Флейм Стар,https://images.silpo.ua/products/300x300/webp/0b0af9b4-3e18-487b-83c1-f93b646188cf.png
Кавун Органічний,https://images.silpo.ua/products/300x300/webp/40323285-adcd-42e5-aa89-e9309abcf08d.png
Мандарин,https://images.silpo.ua/products/300x300/webp/3b674b27-7f77-471d-b5c8-7715a294cd38.png
"Смузі «Крафтяр» з апельсиновим соком, авокадо, ківі, яблуком і руколою",https://images.silpo.ua/products/300x300/webp/c3089f85-8090-40ac-91f1-a08a7fc95682.png
Салат Vita Verde Рукола,https://images.silpo.ua/products/300x300/webp/cae3e83f-6f42-43a3-b501-a2bcaafb2d9b.png
Салат Vita Verde Бебі мікс,https://images.silpo.ua/products/300x300/webp/d33c9875-f4ce-4318-b1ce-cf9b07da7eed.png
Гриби Freshmore енокі,https://images.silpo.ua/products/300x300/webp/756d8de3-74da-44bb-adc7-65cf62c0e0e0.png
Томати коктейльні,https://images.silpo.ua/products/300x300/webp/4fabebd9-14f0-431d-8111-b1c9a9983e43.png
Курага «Премія»®,https://images.silpo.ua/products/300x300/webp/ba5194d3-bc92-4f83-91d8-1103c9b6e94e.png
Груша «Наші» китайська,https://images.silpo.ua/products/300x300/webp/1cce8746-8681-44f5-9622-a86ebe7c8da7.png
Чіпси яблучні «Премія»® з кислинкою,https://images.silpo.ua/products/300x300/webp/ab806a35-ecbd-4f4c-b7f3-9b6265362023.png
Банани для смузі та десертів,https://images.silpo.ua/products/300x300/webp/08ae6c61-c902-42e9-ade2-158b43727404.png
Лохина,https://images.silpo.ua/products/300x300/webp/0c5949c4-4dbd-4426-98a5-c89dfe27214d.png
Закуска YoFi! Hummus з в'яленими томатами і базиліком,https://images.silpo.ua/products/300x300/webp/8a7b71be-4542-4266-9405-1edde65fda94.png
Фісташки «Премія»® смажені солоні пакет,https://images.silpo.ua/products/300x300/webp/a765fe31-abb7-4a7c-a062-a4e9733d53f9.png
Насіння чіа,https://images.silpo.ua/products/300x300/webp/6f17e77b-8c07-458e-bcf9-afd1147be7fd.png
"Салат з овочів і фруктів (морква, селера, яблуко)",https://images.silpo.ua/products/300x300/webp/e14cecc7-a12c-4ef1-b65b-f16f25ca05db.png
Мигдалеві пластівці,https://images.silpo.ua/products/300x300/webp/5e6cb5cb-b728-4234-a9da-9479349857a1.png
Арахіс сушений,https://images.silpo.ua/products/300x300/webp/36dd5e62-9a11-45c0-9ec9-0e9219d152de.png
Гарбуз Баттернат,https://images.silpo.ua/products/300x300/webp/a18c23ff-9e8a-40b2-a1f5-0b32d4d0c85e.png
Томати Черрі органік,https://images.silpo.ua/products/300x300/webp/8f3c13be-b2ca-48a0-a5a5-a5774b6a7525.png
Салат «Крафтяр» десертний ананас кільцями,https://images.silpo.ua/products/300x300/webp/186104e1-8deb-450a-9ceb-e50fd3682476.png
Смузі Super Smooozie «Чарівний Манго»,https://images.silpo.ua/products/300x300/webp/848f50c5-d44b-4a9f-84c3-26b06344d834.png
Кеш'ю «Премія»® смажені ядра горіхів,https://images.silpo.ua/products/300x300/webp/9818af76-3316-4596-ab40-4c833d4e6d69.png
Паростки Eruca Farm гороху зростаючі,https://images.silpo.ua/products/300x300/webp/8c2e39e7-1545-4590-b3eb-c077c6cf41a7.png
Торт Green Chef вафельний шоколадний,https://images.silpo.ua/products/300x300/webp/50a91b2e-7ce5-4803-9c23-bf007264d25c.png
Хумус Yofi! зі смаженою цибулею,https://images.silpo.ua/products/300x300/webp/ba5f96f8-ade3-4e09-a480-df1f9684f114.png
Хумус Yofi! з сочевиці,https://images.silpo.ua/products/300x300/webp/8eea2474-777c-4f35-bfba-e1ec25c55f2d.png
Яблуко «Повна Чаша»® червоні,https://images.silpo.ua/products/300x300/webp/7aedaaad-6485-42b9-b08b-787426b23957.png
Комбуча Green Chef Ginger&basil,https://images.silpo.ua/products/300x300/webp/cd693b3b-f43f-40cf-b718-33a010f4bf31.png
Фісташки Winway смажені,https://images.silpo.ua/products/300x300/webp/8cfc0f14-c1da-4c33-a184-3fb783bdc8b9.png
Насіння гарбуза «Повна Чаша»® ядро сушене,https://images.silpo.ua/products/300x300/webp/e1b58d9c-4fb7-4069-82f5-50df44c23690.png
Салат Fit&Easy Active,https://images.silpo.ua/products/300x300/webp/e28babd1-ef19-42cd-b98e-e56c35895369.png
Журавлина в'ялена «Премія»®,https://images.silpo.ua/products/300x300/webp/5fe039a2-ce5b-498c-b790-2433c70cd244.png
Мікрозелень Green Vitamin Горох зрізана,https://images.silpo.ua/products/300x300/webp/cf218b8b-5428-4cb4-b7fe-dc9133880b46.png
Мигдаль «Премія»® ядра смажені,https://images.silpo.ua/products/300x300/webp/47b41891-7a84-40db-bab0-930b0a90ad82.png
Батончик Green Chef Healthy Prot Bar протеїн-кеш'ю,https://images.silpo.ua/products/300x300/webp/52e47b85-e110-4fdd-8e28-bb10f67e1a37.png
Цибуля Gourmet Перлина Мікс,https://images.silpo.ua/products/300x300/webp/c4693fa0-e691-43bf-b90c-99aa4cde52f9.png
Базилік зелений відбірний,https://images.silpo.ua/products/300x300/webp/e5dd7727-86a8-405e-9dd8-2a6035e54c8e.png
Родзинки,https://images.silpo.ua/products/300x300/webp/72dd60da-9888-4d39-bcf9-5f75af79ce48.png
Паростки редису Мікрогрін,https://images.silpo.ua/products/300x300/webp/fa177131-be71-46dd-8c36-aa477eb74d03.png
Шпинат відбірний,https://images.silpo.ua/products/300x300/webp/9c946c10-b2bd-4ad3-a165-aeb94a02293f.png
Журавлина фасована,https://images.silpo.ua/products/300x300/webp/d540a574-7648-417b-ae65-8daf80e4f480.png
Закуска YoFi! Hummus з гострим перцем з нуту,https://images.silpo.ua/products/300x300/webp/e17f3878-2e40-4704-bee8-e6cf90073d73.png
Смузі «Крафтяр» з апельсиновим соком та манго,https://images.silpo.ua/products/300x300/webp/0a998164-c2c8-48c5-88cf-a44facc4a5cd.png
Ківі Zespri,https://images.silpo.ua/products/300x300/webp/e8efdfa1-796c-4d5d-839a-a5526361dceb.png
Чорнослив «Премія»®,https://images.silpo.ua/products/300x300/webp/f33e8e06-cb3b-4fb5-9e4c-cef0a146f99f.png
Виноград елітний чорний,https://images.silpo.ua/products/300x300/webp/e9564649-535e-4084-9766-873d0492b8e8.png
Перець чилі зелений,https://images.silpo.ua/products/300x300/webp/4b5e110a-9fc5-4c2b-911c-344479d02db4.png
Чорниця свіжа вагова,https://images.silpo.ua/products/300x300/webp/2f895ee1-419a-4dd5-b3d5-2ec76cefeb37.png
Салат Vita Verde «Капричіо»,https://images.silpo.ua/products/300x300/webp/651b3e5e-4cc9-43a7-8457-f2d4b86ae25c.png
Огірки «Грінвіль» солоні корнішони,https://images.silpo.ua/products/300x300/webp/6a5337bf-904e-4bea-87b7-5309d10a6f69.png
Паростки горошку Мікрогрін,https://images.silpo.ua/products/300x300/webp/c5d362e4-76c6-4d55-a465-342eba50087c.png
Морква по-корейськи «Грінвіль»,https://images.silpo.ua/products/300x300/webp/94834ce6-9de0-410d-83f0-47668185267d.png
Салат десертний ананас-лохина,https://images.silpo.ua/products/300x300/webp/09887d51-41e6-4d53-8776-d3acdde371ba.png
Огірки «Чудова Марка» малосольні,https://images.silpo.ua/products/300x300/webp/93b80aeb-1e49-44b3-b662-b5efc4c8246e.png
Смородина чорна,https://images.silpo.ua/products/300x300/webp/d95ec835-7ea6-4b5f-81b8-f53797eff608.png
Паростки соняшнику мікрогрін,https://images.silpo.ua/products/300x300/webp/ede68c63-7458-44a0-94b1-a228c0f0521c.png
Томат Кур де Буф,https://images.silpo.ua/products/300x300/webp/ac45ce74-2372-4f5c-bd6e-63fedb186425.png
Томат черрі Амор,https://images.silpo.ua/products/300x300/webp/4f14008c-02e1-41b1-9dc6-e055262316c3.png
Розмарин відбірний,https://images.silpo.ua/products/300x300/webp/4d025034-ffb9-4918-83b8-6a1a082f1e96.png
Кокос,https://images.silpo.ua/products/300x300/webp/a622635b-2cd2-4507-804f-a4a1e51f1414.png
Курага «Премія»® Джамбо,https://images.silpo.ua/products/300x300/webp/9fc703b4-5e75-4b97-9861-a94f6c7950cf.png
Томати Azura Черрі мікс,https://images.silpo.ua/products/300x300/webp/7d234170-b8d8-4a36-9678-54b1f1c7f470.png
Мікрозелень Green Vitamin Соняшник зрізана,https://images.silpo.ua/products/300x300/webp/8d9d3806-baa2-4413-a3d9-5e4500fc78ce.png
Базилік Ї'm Salata свіжий,https://images.silpo.ua/products/300x300/webp/1118d2fc-e20f-4beb-be81-4ece70f2d522.png
Томат Green Agro сливка жовта,https://images.silpo.ua/products/300x300/webp/70624ee8-05b4-4186-a34e-bc0383d8b7dd.png
Насіння Santa Vita льону,https://images.silpo.ua/products/300x300/webp/6ed2c7b9-2241-4286-ae4f-753b03b1b9a4.png
Комбуча Green Chef Raspberries,https://images.silpo.ua/products/300x300/webp/a7845e00-cda8-4ba8-a283-36b93f740a08.png
Салат «Пучок-Свіжачок» рукола-радичіо,https://images.silpo.ua/products/300x300/webp/f20c891c-fe38-43f5-9ebb-c57dacb3c6f4.png
Салат «Пучок-Свіжачок» мікс лолла росса-лолла біонда,https://images.silpo.ua/products/300x300/webp/39325653-f5a7-4b85-b142-d0bb925a24b8.png
Комбуча Green Chef Herbal,https://images.silpo.ua/products/300x300/webp/d506e012-6709-488f-8272-950733080319.png
Горіх волоський бланшований,https://images.silpo.ua/products/300x300/webp/807e736d-5749-4766-aa3f-6b8d6fe3a010.png
Салат Зелена Країна Мікс з морквою та буряком,https://images.silpo.ua/products/300x300/webp/a5701188-e42e-4241-ba34-f09930ec9dec.png
Салат Пучок-Свіжачок Бебі Мікс Квітковий,https://images.silpo.ua/products/300x300/webp/04641b96-5f99-4fc3-9f74-d5abc7fd4e2a.png
Комбуча Green Chef Berries,https://images.silpo.ua/products/300x300/webp/a8098664-4050-4bb7-b0d8-98332a8edfa1.png
Виноград білий без кісточки,https://images.silpo.ua/products/300x300/webp/a0d50786-b49d-4aa4-b240-16977dd642fd.png
Смузі Super Smooozie Тотально Тропічний,https://images.silpo.ua/products/300x300/webp/855ecf2b-5a3e-427f-9540-e53deca3cf61.png
Фалафель YoFi! смажений,https://images.silpo.ua/products/300x300/webp/d5c680a2-def3-4c36-a777-2c08eb9efda5.png
Комбуча Green Chef Груша&Аронія,https://images.silpo.ua/products/300x300/webp/841f3e01-74ae-4cc6-b857-adcd057f52be.png
Горох Green Vitamin мікрозелень,https://images.silpo.ua/products/300x300/webp/f15cf108-8957-41b0-acf4-829e48570f2c.png
Персик інжирний Мона Ліза,https://images.silpo.ua/products/300x300/webp/f1d88557-f59b-4c51-8032-98fb0108c91f.png
Халва Green Chef Sister’s Sport протеїнова фунд,https://images.silpo.ua/products/300x300/webp/09286ad0-e221-45a4-8e9a-a6492ee37a6c.png
Фалафель «Лавка Традицій» Bonner смажений з часником,https://images.silpo.ua/products/300x300/webp/4ab20511-49dc-4714-8df8-239ea3938c50.png
Родзинки світлі Джамбо,https://images.silpo.ua/products/300x300/webp/dcc60eaf-c5dd-43dc-81f8-dcb4b8c5e9f2.png
Манго натуральне сушене,https://images.silpo.ua/products/300x300/webp/f5582a54-6d79-4679-8962-fdf53d7c6bea.png
Смузі Super Smooozie «Стрункий шпинат»,https://images.silpo.ua/products/300x300/webp/e7947210-9d31-4ac6-93de-17e9210a371b.png
Цукати з ківі,https://images.silpo.ua/products/300x300/webp/d3c10b4e-c398-4713-8785-b7ce6645a8ab.png
Стружка кокосова,https://images.silpo.ua/products/300x300/webp/a627bdb5-a43d-470d-8d2a-e16a16b7e86f.png
Насіння кунжуту,https://images.silpo.ua/products/300x300/webp/983c59fd-e825-45b6-9596-c65e651a88c3.png
"Томати Green Agro мікс 1 рожеві, жовті, чорні",https://images.silpo.ua/products/300x300/webp/4f1b4ea2-185d-43a5-a62b-c504e7f11112.png
Сік Feels good апельсиновий прямий віджим,https://images.silpo.ua/products/300x300/webp/519d5c70-d35e-42cf-84b1-32402972a165.png
Гриби «Дари Гуцульщини» білі мелені сушені,https://images.silpo.ua/products/300x300/webp/5ddf453c-7539-473b-8d52-9d76db4bf892.png
Горіх волоський Eat4fit,https://images.silpo.ua/products/300x300/webp/7484ed61-f23b-4497-a72e-acba81f0e296.png
"Напій «Крафтяр» мигдальний з манго, бананон, насінням чіа",https://images.silpo.ua/products/300x300/webp/0fef919b-69e0-4eac-bbc3-31d76a3ad216.png
Кокос Drink&Eat,https://images.silpo.ua/products/300x300/webp/6e8035f9-0790-4fb0-8339-feb894c9486b.png
Мигдаль Winway смажений,https://images.silpo.ua/products/300x300/webp/0d1df847-9eb9-472e-b0ca-bc1735e32bef.png
Кеш'ю Winway смажене,https://images.silpo.ua/products/300x300/webp/4f0d37a9-d599-48e4-985a-a9bbab79ea35.png
Папая Winway палички сушені,https://images.silpo.ua/products/300x300/webp/e3aa89b7-9a12-415f-9d29-13dcfb6a59d4.png
